Year,State,Administrative district,Sex,Value
2015,Johor,Batu pahat,Male,3630
2015,Johor,Batu pahat,Female,3401
2016,Johor,Batu pahat,Male,3558
2016,Johor,Batu pahat,Female,3395
2017,Johor,Batu pahat,Male,3733
2017,Johor,Batu pahat,Female,3395
2018,Johor,Batu pahat,Male,3651
2018,Johor,Batu pahat,Female,3366
2019,Johor,Batu pahat,Male,3528
2019,Johor,Batu pahat,Female,3354
2020,Johor,Batu pahat,Male,3417
2020,Johor,Batu pahat,Female,3236
2021,Johor,Batu pahat,Male,3179
2021,Johor,Batu pahat,Female,2960
2015,Johor,Johor Bahru,Male,13129
2015,Johor,Johor Bahru,Female,12110
2016,Johor,Johor Bahru,Male,12941
2016,Johor,Johor Bahru,Female,12062
2017,Johor,Johor Bahru,Male,13277
2017,Johor,Johor Bahru,Female,12473
2018,Johor,Johor Bahru,Male,13707
2018,Johor,Johor Bahru,Female,12722
2019,Johor,Johor Bahru,Male,13543
2019,Johor,Johor Bahru,Female,12600
2020,Johor,Johor Bahru,Male,12721
2020,Johor,Johor Bahru,Female,11954
2021,Johor,Johor Bahru,Male,10496
2021,Johor,Johor Bahru,Female,9913
2015,Johor,Kluang,Male,2545
2015,Johor,Kluang,Female,2369
2016,Johor,Kluang,Male,2450
2016,Johor,Kluang,Female,2349
2017,Johor,Kluang,Male,2484
2017,Johor,Kluang,Female,2357
2018,Johor,Kluang,Male,2439
2018,Johor,Kluang,Female,2332
2019,Johor,Kluang,Male,2432
2019,Johor,Kluang,Female,2277
2020,Johor,Kluang,Male,2189
2020,Johor,Kluang,Female,2085
2021,Johor,Kluang,Male,1958
2021,Johor,Kluang,Female,1846
2015,Johor,Kota tinggi,Male,2278
2015,Johor,Kota tinggi,Female,2159
2016,Johor,Kota tinggi,Male,2297
2016,Johor,Kota tinggi,Female,2182
2017,Johor,Kota tinggi,Male,2393
2017,Johor,Kota tinggi,Female,2124
2018,Johor,Kota tinggi,Male,2320
2018,Johor,Kota tinggi,Female,2152
2019,Johor,Kota tinggi,Male,2200
2019,Johor,Kota tinggi,Female,2102
2020,Johor,Kota tinggi,Male,2157
2020,Johor,Kota tinggi,Female,2025
2021,Johor,Kota tinggi,Male,1923
2021,Johor,Kota tinggi,Female,1887
2015,Johor,Mersing,Male,817
2015,Johor,Mersing,Female,790
2016,Johor,Mersing,Male,805
2016,Johor,Mersing,Female,732
2017,Johor,Mersing,Male,849
2017,Johor,Mersing,Female,742
2018,Johor,Mersing,Male,866
2018,Johor,Mersing,Female,821
2019,Johor,Mersing,Male,753
2019,Johor,Mersing,Female,771
2020,Johor,Mersing,Male,729
2020,Johor,Mersing,Female,702
2021,Johor,Mersing,Male,677
2021,Johor,Mersing,Female,647
2015,Johor,Muar,Male,2353
2015,Johor,Muar,Female,2157
2016,Johor,Muar,Male,2236
2016,Johor,Muar,Female,2153
2017,Johor,Muar,Male,2303
2017,Johor,Muar,Female,2116
2018,Johor,Muar,Male,2293
2018,Johor,Muar,Female,2036
2019,Johor,Muar,Male,2204
2019,Johor,Muar,Female,2029
2020,Johor,Muar,Male,2028
2020,Johor,Muar,Female,1915
2021,Johor,Muar,Male,1948
2021,Johor,Muar,Female,1803
2015,Johor,Pontian,Male,1567
2015,Johor,Pontian,Female,1477
2016,Johor,Pontian,Male,1481
2016,Johor,Pontian,Female,1331
2017,Johor,Pontian,Male,1538
2017,Johor,Pontian,Female,1446
2018,Johor,Pontian,Male,1544
2018,Johor,Pontian,Female,1414
2019,Johor,Pontian,Male,1507
2019,Johor,Pontian,Female,1452
2020,Johor,Pontian,Male,1497
2020,Johor,Pontian,Female,1360
2021,Johor,Pontian,Male,1215
2021,Johor,Pontian,Female,1198
2015,Johor,Segamat,Male,1623
2015,Johor,Segamat,Female,1620
2016,Johor,Segamat,Male,1679
2016,Johor,Segamat,Female,1594
2017,Johor,Segamat,Male,1704
2017,Johor,Segamat,Female,1591
2018,Johor,Segamat,Male,1649
2018,Johor,Segamat,Female,1583
2019,Johor,Segamat,Male,1637
2019,Johor,Segamat,Female,1547
2020,Johor,Segamat,Male,1591
2020,Johor,Segamat,Female,1439
2021,Johor,Segamat,Male,1326
2021,Johor,Segamat,Female,1294
2015,Johor,Kulai,Male,2208
2015,Johor,Kulai,Female,2045
2016,Johor,Kulai,Male,2126
2016,Johor,Kulai,Female,1938
2017,Johor,Kulai,Male,2232
2017,Johor,Kulai,Female,2159
2018,Johor,Kulai,Male,2068
2018,Johor,Kulai,Female,1909
2019,Johor,Kulai,Male,2105
2019,Johor,Kulai,Female,1998
2020,Johor,Kulai,Male,1950
2020,Johor,Kulai,Female,1792
2021,Johor,Kulai,Male,1927
2021,Johor,Kulai,Female,1743
2015,Johor,Tangkak,Male,1157
2015,Johor,Tangkak,Female,1108
2016,Johor,Tangkak,Male,1181
2016,Johor,Tangkak,Female,1071
2017,Johor,Tangkak,Male,1135
2017,Johor,Tangkak,Female,1034
2018,Johor,Tangkak,Male,1119
2018,Johor,Tangkak,Female,1093
2019,Johor,Tangkak,Male,1079
2019,Johor,Tangkak,Female,980
2020,Johor,Tangkak,Male,1055
2020,Johor,Tangkak,Female,978
2021,Johor,Tangkak,Male,1059
2021,Johor,Tangkak,Female,991
2015,Kedah,Baling,Male,1482
2015,Kedah,Baling,Female,1403
2016,Kedah,Baling,Male,1670
2016,Kedah,Baling,Female,1524
2017,Kedah,Baling,Male,1632
2017,Kedah,Baling,Female,1492
2018,Kedah,Baling,Male,1546
2018,Kedah,Baling,Female,1516
2019,Kedah,Baling,Male,1483
2019,Kedah,Baling,Female,1449
2020,Kedah,Baling,Male,1571
2020,Kedah,Baling,Female,1423
2021,Kedah,Baling,Male,1365
2021,Kedah,Baling,Female,1317
2015,Kedah,Bandar Baharu,Male,417
2015,Kedah,Bandar Baharu,Female,386
2016,Kedah,Bandar Baharu,Male,385
2016,Kedah,Bandar Baharu,Female,371
2017,Kedah,Bandar Baharu,Male,403
2017,Kedah,Bandar Baharu,Female,354
2018,Kedah,Bandar Baharu,Male,404
2018,Kedah,Bandar Baharu,Female,349
2019,Kedah,Bandar Baharu,Male,371
2019,Kedah,Bandar Baharu,Female,358
2020,Kedah,Bandar Baharu,Male,389
2020,Kedah,Bandar Baharu,Female,357
2021,Kedah,Bandar Baharu,Male,347
2021,Kedah,Bandar Baharu,Female,338
2015,Kedah,Kota Setar,Male,3614
2015,Kedah,Kota Setar,Female,3470
2016,Kedah,Kota Setar,Male,3394
2016,Kedah,Kota Setar,Female,3333
2017,Kedah,Kota Setar,Male,3704
2017,Kedah,Kota Setar,Female,3364
2018,Kedah,Kota Setar,Male,3546
2018,Kedah,Kota Setar,Female,3342
2019,Kedah,Kota Setar,Male,3409
2019,Kedah,Kota Setar,Female,3133
2020,Kedah,Kota Setar,Male,3301
2020,Kedah,Kota Setar,Female,3153
2021,Kedah,Kota Setar,Male,2967
2021,Kedah,Kota Setar,Female,2875
2015,Kedah,Kuala Muda,Male,4068
2015,Kedah,Kuala Muda,Female,3819
2016,Kedah,Kuala Muda,Male,4003
2016,Kedah,Kuala Muda,Female,3743
2017,Kedah,Kuala Muda,Male,4054
2017,Kedah,Kuala Muda,Female,3893
2018,Kedah,Kuala Muda,Male,3956
2018,Kedah,Kuala Muda,Female,3700
2019,Kedah,Kuala Muda,Male,3877
2019,Kedah,Kuala Muda,Female,3613
2020,Kedah,Kuala Muda,Male,3814
2020,Kedah,Kuala Muda,Female,3535
2021,Kedah,Kuala Muda,Male,3866
2021,Kedah,Kuala Muda,Female,3620
2015,Kedah,Kubang Pasu,Male,2194
2015,Kedah,Kubang Pasu,Female,2075
2016,Kedah,Kubang Pasu,Male,2206
2016,Kedah,Kubang Pasu,Female,2005
2017,Kedah,Kubang Pasu,Male,2297
2017,Kedah,Kubang Pasu,Female,2140
2018,Kedah,Kubang Pasu,Male,2215
2018,Kedah,Kubang Pasu,Female,2049
2019,Kedah,Kubang Pasu,Male,2051
2019,Kedah,Kubang Pasu,Female,1897
2020,Kedah,Kubang Pasu,Male,2066
2020,Kedah,Kubang Pasu,Female,1799
2021,Kedah,Kubang Pasu,Male,1939
2021,Kedah,Kubang Pasu,Female,1885
2015,Kedah,Kulim,Male,2466
2015,Kedah,Kulim,Female,2387
2016,Kedah,Kulim,Male,2411
2016,Kedah,Kulim,Female,2310
2017,Kedah,Kulim,Male,2474
2017,Kedah,Kulim,Female,2252
2018,Kedah,Kulim,Male,2393
2018,Kedah,Kulim,Female,2219
2019,Kedah,Kulim,Male,2368
2019,Kedah,Kulim,Female,2115
2020,Kedah,Kulim,Male,2252
2020,Kedah,Kulim,Female,2171
2021,Kedah,Kulim,Male,2349
2021,Kedah,Kulim,Female,2104
2015,Kedah,Langkawi,Male,943
2015,Kedah,Langkawi,Female,943
2016,Kedah,Langkawi,Male,962
2016,Kedah,Langkawi,Female,880
2017,Kedah,Langkawi,Male,924
2017,Kedah,Langkawi,Female,922
2018,Kedah,Langkawi,Male,1023
2018,Kedah,Langkawi,Female,918
2019,Kedah,Langkawi,Male,951
2019,Kedah,Langkawi,Female,960
2020,Kedah,Langkawi,Male,972
2020,Kedah,Langkawi,Female,932
2021,Kedah,Langkawi,Male,957
2021,Kedah,Langkawi,Female,825
2015,Kedah,Padang Terap,Male,735
2015,Kedah,Padang Terap,Female,706
2016,Kedah,Padang Terap,Male,686
2016,Kedah,Padang Terap,Female,681
2017,Kedah,Padang Terap,Male,723
2017,Kedah,Padang Terap,Female,682
2018,Kedah,Padang Terap,Male,761
2018,Kedah,Padang Terap,Female,678
2019,Kedah,Padang Terap,Male,654
2019,Kedah,Padang Terap,Female,614
2020,Kedah,Padang Terap,Male,713
2020,Kedah,Padang Terap,Female,646
2021,Kedah,Padang Terap,Male,621
2021,Kedah,Padang Terap,Female,531
2015,Kedah,Sik,Male,728
2015,Kedah,Sik,Female,704
2016,Kedah,Sik,Male,678
2016,Kedah,Sik,Female,673
2017,Kedah,Sik,Male,643
2017,Kedah,Sik,Female,615
2018,Kedah,Sik,Male,666
2018,Kedah,Sik,Female,590
2019,Kedah,Sik,Male,660
2019,Kedah,Sik,Female,630
2020,Kedah,Sik,Male,630
2020,Kedah,Sik,Female,629
2021,Kedah,Sik,Male,650
2021,Kedah,Sik,Female,628
2015,Kedah,Yan,Male,616
2015,Kedah,Yan,Female,570
2016,Kedah,Yan,Male,639
2016,Kedah,Yan,Female,621
2017,Kedah,Yan,Male,630
2017,Kedah,Yan,Female,602
2018,Kedah,Yan,Male,597
2018,Kedah,Yan,Female,564
2019,Kedah,Yan,Male,588
2019,Kedah,Yan,Female,563
2020,Kedah,Yan,Male,555
2020,Kedah,Yan,Female,476
2021,Kedah,Yan,Male,486
2021,Kedah,Yan,Female,487
2015,Kedah,Pendang,Male,1145
2015,Kedah,Pendang,Female,1084
2016,Kedah,Pendang,Male,1069
2016,Kedah,Pendang,Female,992
2017,Kedah,Pendang,Male,1073
2017,Kedah,Pendang,Female,1016
2018,Kedah,Pendang,Male,1056
2018,Kedah,Pendang,Female,1005
2019,Kedah,Pendang,Male,1083
2019,Kedah,Pendang,Female,977
2020,Kedah,Pendang,Male,951
2020,Kedah,Pendang,Female,915
2021,Kedah,Pendang,Male,974
2021,Kedah,Pendang,Female,952
2015,Kedah,Pokok Sena,Male,424
2015,Kedah,Pokok Sena,Female,405
2016,Kedah,Pokok Sena,Male,354
2016,Kedah,Pokok Sena,Female,377
2017,Kedah,Pokok Sena,Male,434
2017,Kedah,Pokok Sena,Female,370
2018,Kedah,Pokok Sena,Male,299
2018,Kedah,Pokok Sena,Female,251
2019,Kedah,Pokok Sena,Male,298
2019,Kedah,Pokok Sena,Female,312
2020,Kedah,Pokok Sena,Male,281
2020,Kedah,Pokok Sena,Female,259
2021,Kedah,Pokok Sena,Male,511
2021,Kedah,Pokok Sena,Female,446
2015,Kelantan,Bachok,Male,1543
2015,Kelantan,Bachok,Female,1592
2016,Kelantan,Bachok,Male,1569
2016,Kelantan,Bachok,Female,1559
2017,Kelantan,Bachok,Male,1698
2017,Kelantan,Bachok,Female,1529
2018,Kelantan,Bachok,Male,1662
2018,Kelantan,Bachok,Female,1456
2019,Kelantan,Bachok,Male,1607
2019,Kelantan,Bachok,Female,1488
2020,Kelantan,Bachok,Male,1485
2020,Kelantan,Bachok,Female,1456
2021,Kelantan,Bachok,Male,1705
2021,Kelantan,Bachok,Female,1565
2015,Kelantan,Kota Bharu,Male,6434
2015,Kelantan,Kota Bharu,Female,6049
2016,Kelantan,Kota Bharu,Male,6379
2016,Kelantan,Kota Bharu,Female,5768
2017,Kelantan,Kota Bharu,Male,6370
2017,Kelantan,Kota Bharu,Female,5946
2018,Kelantan,Kota Bharu,Male,6269
2018,Kelantan,Kota Bharu,Female,5830
2019,Kelantan,Kota Bharu,Male,5942
2019,Kelantan,Kota Bharu,Female,5544
2020,Kelantan,Kota Bharu,Male,5903
2020,Kelantan,Kota Bharu,Female,5382
2021,Kelantan,Kota Bharu,Male,5335
2021,Kelantan,Kota Bharu,Female,5194
2015,Kelantan,Machang,Male,1075
2015,Kelantan,Machang,Female,1006
2016,Kelantan,Machang,Male,1142
2016,Kelantan,Machang,Female,1081
2017,Kelantan,Machang,Male,1164
2017,Kelantan,Machang,Female,1086
2018,Kelantan,Machang,Male,1160
2018,Kelantan,Machang,Female,1074
2019,Kelantan,Machang,Male,1081
2019,Kelantan,Machang,Female,1064
2020,Kelantan,Machang,Male,1114
2020,Kelantan,Machang,Female,1037
2021,Kelantan,Machang,Male,1021
2021,Kelantan,Machang,Female,939
2015,Kelantan,Pasir Mas,Male,2671
2015,Kelantan,Pasir Mas,Female,2392
2016,Kelantan,Pasir Mas,Male,2465
2016,Kelantan,Pasir Mas,Female,2439
2017,Kelantan,Pasir Mas,Male,2521
2017,Kelantan,Pasir Mas,Female,2416
2018,Kelantan,Pasir Mas,Male,2473
2018,Kelantan,Pasir Mas,Female,2292
2019,Kelantan,Pasir Mas,Male,2440
2019,Kelantan,Pasir Mas,Female,2260
2020,Kelantan,Pasir Mas,Male,2280
2020,Kelantan,Pasir Mas,Female,2132
2021,Kelantan,Pasir Mas,Male,2287
2021,Kelantan,Pasir Mas,Female,2048
2015,Kelantan,Pasir Puteh,Male,1658
2015,Kelantan,Pasir Puteh,Female,1658
2016,Kelantan,Pasir Puteh,Male,1691
2016,Kelantan,Pasir Puteh,Female,1570
2017,Kelantan,Pasir Puteh,Male,1575
2017,Kelantan,Pasir Puteh,Female,1609
2018,Kelantan,Pasir Puteh,Male,1732
2018,Kelantan,Pasir Puteh,Female,1541
2019,Kelantan,Pasir Puteh,Male,1597
2019,Kelantan,Pasir Puteh,Female,1508
2020,Kelantan,Pasir Puteh,Male,1612
2020,Kelantan,Pasir Puteh,Female,1490
2021,Kelantan,Pasir Puteh,Male,1585
2021,Kelantan,Pasir Puteh,Female,1499
2015,Kelantan,Tanah Merah,Male,1596
2015,Kelantan,Tanah Merah,Female,1613
2016,Kelantan,Tanah Merah,Male,1594
2016,Kelantan,Tanah Merah,Female,1476
2017,Kelantan,Tanah Merah,Male,1662
2017,Kelantan,Tanah Merah,Female,1518
2018,Kelantan,Tanah Merah,Male,1657
2018,Kelantan,Tanah Merah,Female,1550
2019,Kelantan,Tanah Merah,Male,1515
2019,Kelantan,Tanah Merah,Female,1354
2020,Kelantan,Tanah Merah,Male,1461
2020,Kelantan,Tanah Merah,Female,1356
2021,Kelantan,Tanah Merah,Male,1446
2021,Kelantan,Tanah Merah,Female,1329
2015,Kelantan,Tumpat,Male,2104
2015,Kelantan,Tumpat,Female,1971
2016,Kelantan,Tumpat,Male,2157
2016,Kelantan,Tumpat,Female,1953
2017,Kelantan,Tumpat,Male,2122
2017,Kelantan,Tumpat,Female,2087
2018,Kelantan,Tumpat,Male,2060
2018,Kelantan,Tumpat,Female,2034
2019,Kelantan,Tumpat,Male,2000
2019,Kelantan,Tumpat,Female,1896
2020,Kelantan,Tumpat,Male,1937
2020,Kelantan,Tumpat,Female,1896
2021,Kelantan,Tumpat,Male,1854
2021,Kelantan,Tumpat,Female,1744
2015,Kelantan,Gua Musang,Male,1120
2015,Kelantan,Gua Musang,Female,1124
2016,Kelantan,Gua Musang,Male,1116
2016,Kelantan,Gua Musang,Female,1054
2017,Kelantan,Gua Musang,Male,1156
2017,Kelantan,Gua Musang,Female,1144
2018,Kelantan,Gua Musang,Male,1203
2018,Kelantan,Gua Musang,Female,992
2019,Kelantan,Gua Musang,Male,1127
2019,Kelantan,Gua Musang,Female,968
2020,Kelantan,Gua Musang,Male,1148
2020,Kelantan,Gua Musang,Female,1091
2021,Kelantan,Gua Musang,Male,933
2021,Kelantan,Gua Musang,Female,894
2015,Kelantan,Kuala Krai,Male,1249
2015,Kelantan,Kuala Krai,Female,1250
2016,Kelantan,Kuala Krai,Male,1223
2016,Kelantan,Kuala Krai,Female,1237
2017,Kelantan,Kuala Krai,Male,1273
2017,Kelantan,Kuala Krai,Female,1212
2018,Kelantan,Kuala Krai,Male,1280
2018,Kelantan,Kuala Krai,Female,1123
2019,Kelantan,Kuala Krai,Male,1242
2019,Kelantan,Kuala Krai,Female,1156
2020,Kelantan,Kuala Krai,Male,1244
2020,Kelantan,Kuala Krai,Female,1158
2021,Kelantan,Kuala Krai,Male,1145
2021,Kelantan,Kuala Krai,Female,1098
2015,Kelantan,Jeli,Male,534
2015,Kelantan,Jeli,Female,469
2016,Kelantan,Jeli,Male,485
2016,Kelantan,Jeli,Female,497
2017,Kelantan,Jeli,Male,543
2017,Kelantan,Jeli,Female,491
2018,Kelantan,Jeli,Male,488
2018,Kelantan,Jeli,Female,484
2019,Kelantan,Jeli,Male,503
2019,Kelantan,Jeli,Female,446
2020,Kelantan,Jeli,Male,527
2020,Kelantan,Jeli,Female,511
2021,Kelantan,Jeli,Male,441
2021,Kelantan,Jeli,Female,450
2021,Kelantan,Kecil Lojing,Male,116
2021,Kelantan,Kecil Lojing,Female,136
2015,Melaka,Alor Gajah,Male,1604
2015,Melaka,Alor Gajah,Female,1616
2016,Melaka,Alor Gajah,Male,1674
2016,Melaka,Alor Gajah,Female,1579
2017,Melaka,Alor Gajah,Male,1668
2017,Melaka,Alor Gajah,Female,1570
2018,Melaka,Alor Gajah,Male,1691
2018,Melaka,Alor Gajah,Female,1590
2019,Melaka,Alor Gajah,Male,1693
2019,Melaka,Alor Gajah,Female,1535
2020,Melaka,Alor Gajah,Male,1639
2020,Melaka,Alor Gajah,Female,1536
2021,Melaka,Alor Gajah,Male,1567
2021,Melaka,Alor Gajah,Female,1522
2015,Melaka,Jasin,Male,1247
2015,Melaka,Jasin,Female,1165
2016,Melaka,Jasin,Male,1265
2016,Melaka,Jasin,Female,1108
2017,Melaka,Jasin,Male,1297
2017,Melaka,Jasin,Female,1181
2018,Melaka,Jasin,Male,1284
2018,Melaka,Jasin,Female,1142
2019,Melaka,Jasin,Male,1292
2019,Melaka,Jasin,Female,1131
2020,Melaka,Jasin,Male,1291
2020,Melaka,Jasin,Female,1173
2021,Melaka,Jasin,Male,1211
2021,Melaka,Jasin,Female,1158
2015,Melaka,Melaka Tengah,Male,4609
2015,Melaka,Melaka Tengah,Female,4313
2016,Melaka,Melaka Tengah,Male,4572
2016,Melaka,Melaka Tengah,Female,4204
2017,Melaka,Melaka Tengah,Male,4489
2017,Melaka,Melaka Tengah,Female,4184
2018,Melaka,Melaka Tengah,Male,4404
2018,Melaka,Melaka Tengah,Female,4277
2019,Melaka,Melaka Tengah,Male,4390
2019,Melaka,Melaka Tengah,Female,4045
2020,Melaka,Melaka Tengah,Male,4201
2020,Melaka,Melaka Tengah,Female,4001
2021,Melaka,Melaka Tengah,Male,4034
2021,Melaka,Melaka Tengah,Female,3700
2015,Negeri Sembilan,Jelebu,Male,396
2015,Negeri Sembilan,Jelebu,Female,396
2016,Negeri Sembilan,Jelebu,Male,399
2016,Negeri Sembilan,Jelebu,Female,373
2017,Negeri Sembilan,Jelebu,Male,379
2017,Negeri Sembilan,Jelebu,Female,358
2018,Negeri Sembilan,Jelebu,Male,397
2018,Negeri Sembilan,Jelebu,Female,370
2019,Negeri Sembilan,Jelebu,Male,340
2019,Negeri Sembilan,Jelebu,Female,336
2020,Negeri Sembilan,Jelebu,Male,347
2020,Negeri Sembilan,Jelebu,Female,321
2021,Negeri Sembilan,Jelebu,Male,278
2021,Negeri Sembilan,Jelebu,Female,295
2015,Negeri Sembilan,Kuala Pilah,Male,556
2015,Negeri Sembilan,Kuala Pilah,Female,505
2016,Negeri Sembilan,Kuala Pilah,Male,491
2016,Negeri Sembilan,Kuala Pilah,Female,462
2017,Negeri Sembilan,Kuala Pilah,Male,510
2017,Negeri Sembilan,Kuala Pilah,Female,493
2018,Negeri Sembilan,Kuala Pilah,Male,512
2018,Negeri Sembilan,Kuala Pilah,Female,498
2019,Negeri Sembilan,Kuala Pilah,Male,467
2019,Negeri Sembilan,Kuala Pilah,Female,431
2020,Negeri Sembilan,Kuala Pilah,Male,498
2020,Negeri Sembilan,Kuala Pilah,Female,452
2021,Negeri Sembilan,Kuala Pilah,Male,521
2021,Negeri Sembilan,Kuala Pilah,Female,476
2015,Negeri Sembilan,Port Dickson,Male,990
2015,Negeri Sembilan,Port Dickson,Female,956
2016,Negeri Sembilan,Port Dickson,Male,979
2016,Negeri Sembilan,Port Dickson,Female,904
2017,Negeri Sembilan,Port Dickson,Male,1053
2017,Negeri Sembilan,Port Dickson,Female,899
2018,Negeri Sembilan,Port Dickson,Male,988
2018,Negeri Sembilan,Port Dickson,Female,913
2019,Negeri Sembilan,Port Dickson,Male,945
2019,Negeri Sembilan,Port Dickson,Female,930
2020,Negeri Sembilan,Port Dickson,Male,978
2020,Negeri Sembilan,Port Dickson,Female,876
2021,Negeri Sembilan,Port Dickson,Male,909
2021,Negeri Sembilan,Port Dickson,Female,908
2015,Negeri Sembilan,Rembau,Male,419
2015,Negeri Sembilan,Rembau,Female,392
2016,Negeri Sembilan,Rembau,Male,387
2016,Negeri Sembilan,Rembau,Female,368
2017,Negeri Sembilan,Rembau,Male,415
2017,Negeri Sembilan,Rembau,Female,377
2018,Negeri Sembilan,Rembau,Male,431
2018,Negeri Sembilan,Rembau,Female,385
2019,Negeri Sembilan,Rembau,Male,427
2019,Negeri Sembilan,Rembau,Female,409
2020,Negeri Sembilan,Rembau,Male,409
2020,Negeri Sembilan,Rembau,Female,369
2021,Negeri Sembilan,Rembau,Male,389
2021,Negeri Sembilan,Rembau,Female,378
2015,Negeri Sembilan,Seremban,Male,5122
2015,Negeri Sembilan,Seremban,Female,4613
2016,Negeri Sembilan,Seremban,Male,5052
2016,Negeri Sembilan,Seremban,Female,4723
2017,Negeri Sembilan,Seremban,Male,5041
2017,Negeri Sembilan,Seremban,Female,4575
2018,Negeri Sembilan,Seremban,Male,5019
2018,Negeri Sembilan,Seremban,Female,4783
2019,Negeri Sembilan,Seremban,Male,4958
2019,Negeri Sembilan,Seremban,Female,4522
2020,Negeri Sembilan,Seremban,Male,4847
2020,Negeri Sembilan,Seremban,Female,4542
2021,Negeri Sembilan,Seremban,Male,4864
2021,Negeri Sembilan,Seremban,Female,4423
2015,Negeri Sembilan,Tampin,Male,712
2015,Negeri Sembilan,Tampin,Female,627
2016,Negeri Sembilan,Tampin,Male,697
2016,Negeri Sembilan,Tampin,Female,647
2017,Negeri Sembilan,Tampin,Male,643
2017,Negeri Sembilan,Tampin,Female,661
2018,Negeri Sembilan,Tampin,Male,684
2018,Negeri Sembilan,Tampin,Female,620
2019,Negeri Sembilan,Tampin,Male,681
2019,Negeri Sembilan,Tampin,Female,584
2020,Negeri Sembilan,Tampin,Male,605
2020,Negeri Sembilan,Tampin,Female,556
2021,Negeri Sembilan,Tampin,Male,697
2021,Negeri Sembilan,Tampin,Female,581
2015,Negeri Sembilan,Jempol,Male,1410
2015,Negeri Sembilan,Jempol,Female,1329
2016,Negeri Sembilan,Jempol,Male,1340
2016,Negeri Sembilan,Jempol,Female,1214
2017,Negeri Sembilan,Jempol,Male,1349
2017,Negeri Sembilan,Jempol,Female,1325
2018,Negeri Sembilan,Jempol,Male,1297
2018,Negeri Sembilan,Jempol,Female,1280
2019,Negeri Sembilan,Jempol,Male,1208
2019,Negeri Sembilan,Jempol,Female,1164
2020,Negeri Sembilan,Jempol,Male,1181
2020,Negeri Sembilan,Jempol,Female,1113
2021,Negeri Sembilan,Jempol,Male,1065
2021,Negeri Sembilan,Jempol,Female,993
2015,Pahang,Bentong,Male,763
2015,Pahang,Bentong,Female,764
2016,Pahang,Bentong,Male,794
2016,Pahang,Bentong,Female,705
2017,Pahang,Bentong,Male,770
2017,Pahang,Bentong,Female,734
2018,Pahang,Bentong,Male,753
2018,Pahang,Bentong,Female,729
2019,Pahang,Bentong,Male,740
2019,Pahang,Bentong,Female,702
2020,Pahang,Bentong,Male,676
2020,Pahang,Bentong,Female,652
2021,Pahang,Bentong,Male,652
2021,Pahang,Bentong,Female,641
2015,Pahang,Cameron Highlands,Male,289
2015,Pahang,Cameron Highlands,Female,285
2016,Pahang,Cameron Highlands,Male,294
2016,Pahang,Cameron Highlands,Female,278
2017,Pahang,Cameron Highlands,Male,296
2017,Pahang,Cameron Highlands,Female,284
2018,Pahang,Cameron Highlands,Male,252
2018,Pahang,Cameron Highlands,Female,264
2019,Pahang,Cameron Highlands,Male,237
2019,Pahang,Cameron Highlands,Female,266
2020,Pahang,Cameron Highlands,Male,271
2020,Pahang,Cameron Highlands,Female,287
2021,Pahang,Cameron Highlands,Male,271
2021,Pahang,Cameron Highlands,Female,257
2015,Pahang,Jerantut,Male,885
2015,Pahang,Jerantut,Female,923
2016,Pahang,Jerantut,Male,894
2016,Pahang,Jerantut,Female,814
2017,Pahang,Jerantut,Male,796
2017,Pahang,Jerantut,Female,842
2018,Pahang,Jerantut,Male,851
2018,Pahang,Jerantut,Female,801
2019,Pahang,Jerantut,Male,795
2019,Pahang,Jerantut,Female,754
2020,Pahang,Jerantut,Male,756
2020,Pahang,Jerantut,Female,742
2021,Pahang,Jerantut,Male,702
2021,Pahang,Jerantut,Female,709
2015,Pahang,Kuantan,Male,4645
2015,Pahang,Kuantan,Female,4344
2016,Pahang,Kuantan,Male,4678
2016,Pahang,Kuantan,Female,4390
2017,Pahang,Kuantan,Male,4649
2017,Pahang,Kuantan,Female,4479
2018,Pahang,Kuantan,Male,4629
2018,Pahang,Kuantan,Female,4318
2019,Pahang,Kuantan,Male,4395
2019,Pahang,Kuantan,Female,4264
2020,Pahang,Kuantan,Male,4458
2020,Pahang,Kuantan,Female,4112
2021,Pahang,Kuantan,Male,4305
2021,Pahang,Kuantan,Female,4123
2015,Pahang,Lipis,Male,798
2015,Pahang,Lipis,Female,724
2016,Pahang,Lipis,Male,771
2016,Pahang,Lipis,Female,741
2017,Pahang,Lipis,Male,739
2017,Pahang,Lipis,Female,692
2018,Pahang,Lipis,Male,732
2018,Pahang,Lipis,Female,694
2019,Pahang,Lipis,Male,743
2019,Pahang,Lipis,Female,646
2020,Pahang,Lipis,Male,741
2020,Pahang,Lipis,Female,716
2021,Pahang,Lipis,Male,764
2021,Pahang,Lipis,Female,698
2015,Pahang,Pekan,Male,1347
2015,Pahang,Pekan,Female,1380
2016,Pahang,Pekan,Male,1341
2016,Pahang,Pekan,Female,1246
2017,Pahang,Pekan,Male,1370
2017,Pahang,Pekan,Female,1327
2018,Pahang,Pekan,Male,1303
2018,Pahang,Pekan,Female,1260
2019,Pahang,Pekan,Male,1197
2019,Pahang,Pekan,Female,1226
2020,Pahang,Pekan,Male,1267
2020,Pahang,Pekan,Female,1106
2021,Pahang,Pekan,Male,1233
2021,Pahang,Pekan,Female,1151
2015,Pahang,Raub,Male,652
2015,Pahang,Raub,Female,636
2016,Pahang,Raub,Male,729
2016,Pahang,Raub,Female,605
2017,Pahang,Raub,Male,665
2017,Pahang,Raub,Female,591
2018,Pahang,Raub,Male,643
2018,Pahang,Raub,Female,619
2019,Pahang,Raub,Male,624
2019,Pahang,Raub,Female,568
2020,Pahang,Raub,Male,603
2020,Pahang,Raub,Female,594
2021,Pahang,Raub,Male,576
2021,Pahang,Raub,Female,567
2015,Pahang,Temerloh,Male,1700
2015,Pahang,Temerloh,Female,1575
2016,Pahang,Temerloh,Male,1671
2016,Pahang,Temerloh,Female,1502
2017,Pahang,Temerloh,Male,1693
2017,Pahang,Temerloh,Female,1587
2018,Pahang,Temerloh,Male,1680
2018,Pahang,Temerloh,Female,1561
2019,Pahang,Temerloh,Male,1568
2019,Pahang,Temerloh,Female,1465
2020,Pahang,Temerloh,Male,1454
2020,Pahang,Temerloh,Female,1440
2021,Pahang,Temerloh,Male,1440
2021,Pahang,Temerloh,Female,1338
2015,Pahang,Rompin,Male,1290
2015,Pahang,Rompin,Female,1156
2016,Pahang,Rompin,Male,1268
2016,Pahang,Rompin,Female,1182
2017,Pahang,Rompin,Male,1303
2017,Pahang,Rompin,Female,1131
2018,Pahang,Rompin,Male,1261
2018,Pahang,Rompin,Female,1138
2019,Pahang,Rompin,Male,1180
2019,Pahang,Rompin,Female,1095
2020,Pahang,Rompin,Male,1175
2020,Pahang,Rompin,Female,1127
2021,Pahang,Rompin,Male,1046
2021,Pahang,Rompin,Female,966
2015,Pahang,Maran,Male,1228
2015,Pahang,Maran,Female,1150
2016,Pahang,Maran,Male,1201
2016,Pahang,Maran,Female,1144
2017,Pahang,Maran,Male,1126
2017,Pahang,Maran,Female,1096
2018,Pahang,Maran,Male,1139
2018,Pahang,Maran,Female,1068
2019,Pahang,Maran,Male,1046
2019,Pahang,Maran,Female,953
2020,Pahang,Maran,Male,951
2020,Pahang,Maran,Female,917
2021,Pahang,Maran,Male,1010
2021,Pahang,Maran,Female,871
2015,Pahang,Bera,Male,773
2015,Pahang,Bera,Female,752
2016,Pahang,Bera,Male,738
2016,Pahang,Bera,Female,640
2017,Pahang,Bera,Male,704
2017,Pahang,Bera,Female,681
2018,Pahang,Bera,Male,687
2018,Pahang,Bera,Female,624
2019,Pahang,Bera,Male,684
2019,Pahang,Bera,Female,628
2020,Pahang,Bera,Male,645
2020,Pahang,Bera,Female,589
2021,Pahang,Bera,Male,625
2021,Pahang,Bera,Female,562
2015,Perak,Batang Padang,Male,1513
2015,Perak,Batang Padang,Female,1356
2016,Perak,Batang Padang,Male,981
2016,Perak,Batang Padang,Female,910
2017,Perak,Batang Padang,Male,1118
2017,Perak,Batang Padang,Female,1010
2018,Perak,Batang Padang,Male,1224
2018,Perak,Batang Padang,Female,1147
2019,Perak,Batang Padang,Male,909
2019,Perak,Batang Padang,Female,789
2020,Perak,Batang Padang,Male,873
2020,Perak,Batang Padang,Female,801
2021,Perak,Batang Padang,Male,824
2021,Perak,Batang Padang,Female,802
2015,Perak,Manjung,Male,2205
2015,Perak,Manjung,Female,2037
2016,Perak,Manjung,Male,2162
2016,Perak,Manjung,Female,1974
2017,Perak,Manjung,Male,1944
2017,Perak,Manjung,Female,1878
2018,Perak,Manjung,Male,1922
2018,Perak,Manjung,Female,1761
2019,Perak,Manjung,Male,1950
2019,Perak,Manjung,Female,1761
2020,Perak,Manjung,Male,1826
2020,Perak,Manjung,Female,1625
2021,Perak,Manjung,Male,1704
2021,Perak,Manjung,Female,1597
2015,Perak,Kinta,Male,5627
2015,Perak,Kinta,Female,5270
2016,Perak,Kinta,Male,5537
2016,Perak,Kinta,Female,5155
2017,Perak,Kinta,Male,5285
2017,Perak,Kinta,Female,5012
2018,Perak,Kinta,Male,5237
2018,Perak,Kinta,Female,4977
2019,Perak,Kinta,Male,5036
2019,Perak,Kinta,Female,4798
2020,Perak,Kinta,Male,4812
2020,Perak,Kinta,Female,4522
2021,Perak,Kinta,Male,4574
2021,Perak,Kinta,Female,4464
2015,Perak,Kerian,Male,1530
2015,Perak,Kerian,Female,1336
2016,Perak,Kerian,Male,1478
2016,Perak,Kerian,Female,1334
2017,Perak,Kerian,Male,1409
2017,Perak,Kerian,Female,1295
2018,Perak,Kerian,Male,1392
2018,Perak,Kerian,Female,1317
2019,Perak,Kerian,Male,1375
2019,Perak,Kerian,Female,1205
2020,Perak,Kerian,Male,1265
2020,Perak,Kerian,Female,1171
2021,Perak,Kerian,Male,1275
2021,Perak,Kerian,Female,1190
2015,Perak,Kuala Kangsar,Male,1411
2015,Perak,Kuala Kangsar,Female,1337
2016,Perak,Kuala Kangsar,Male,1424
2016,Perak,Kuala Kangsar,Female,1256
2017,Perak,Kuala Kangsar,Male,1382
2017,Perak,Kuala Kangsar,Female,1347
2018,Perak,Kuala Kangsar,Male,1338
2018,Perak,Kuala Kangsar,Female,1283
2019,Perak,Kuala Kangsar,Male,1248
2019,Perak,Kuala Kangsar,Female,1239
2020,Perak,Kuala Kangsar,Male,1311
2020,Perak,Kuala Kangsar,Female,1158
2021,Perak,Kuala Kangsar,Male,1170
2021,Perak,Kuala Kangsar,Female,1152
2015,Perak,Larut & Matang,Male,2574
2015,Perak,Larut & Matang,Female,2388
2016,Perak,Larut & Matang,Male,2587
2016,Perak,Larut & Matang,Female,2412
2017,Perak,Larut & Matang,Male,2561
2017,Perak,Larut & Matang,Female,2366
2018,Perak,Larut & Matang,Male,2320
2018,Perak,Larut & Matang,Female,2186
2019,Perak,Larut & Matang,Male,2240
2019,Perak,Larut & Matang,Female,2170
2020,Perak,Larut & Matang,Male,2269
2020,Perak,Larut & Matang,Female,2129
2021,Perak,Larut & Matang,Male,1977
2021,Perak,Larut & Matang,Female,1864
2015,Perak,Hilir Perak,Male,1660
2015,Perak,Hilir Perak,Female,1528
2016,Perak,Hilir Perak,Male,1509
2016,Perak,Hilir Perak,Female,1457
2017,Perak,Hilir Perak,Male,1216
2017,Perak,Hilir Perak,Female,1169
2018,Perak,Hilir Perak,Male,1435
2018,Perak,Hilir Perak,Female,1336
2019,Perak,Hilir Perak,Male,1270
2019,Perak,Hilir Perak,Female,1176
2020,Perak,Hilir Perak,Male,984
2020,Perak,Hilir Perak,Female,926
2021,Perak,Hilir Perak,Male,965
2021,Perak,Hilir Perak,Female,877
2015,Perak,Hulu Perak,Male,990
2015,Perak,Hulu Perak,Female,917
2016,Perak,Hulu Perak,Male,968
2016,Perak,Hulu Perak,Female,896
2017,Perak,Hulu Perak,Male,973
2017,Perak,Hulu Perak,Female,895
2018,Perak,Hulu Perak,Male,906
2018,Perak,Hulu Perak,Female,823
2019,Perak,Hulu Perak,Male,870
2019,Perak,Hulu Perak,Female,778
2020,Perak,Hulu Perak,Male,824
2020,Perak,Hulu Perak,Female,767
2021,Perak,Hulu Perak,Male,761
2021,Perak,Hulu Perak,Female,767
2015,Perak,Perak Tengah,Male,812
2015,Perak,Perak Tengah,Female,780
2016,Perak,Perak Tengah,Male,875
2016,Perak,Perak Tengah,Female,772
2017,Perak,Perak Tengah,Male,885
2017,Perak,Perak Tengah,Female,796
2018,Perak,Perak Tengah,Male,831
2018,Perak,Perak Tengah,Female,796
2019,Perak,Perak Tengah,Male,796
2019,Perak,Perak Tengah,Female,814
2020,Perak,Perak Tengah,Male,862
2020,Perak,Perak Tengah,Female,703
2021,Perak,Perak Tengah,Male,816
2021,Perak,Perak Tengah,Female,755
2015,Perak,Kampar,Male,533
2015,Perak,Kampar,Female,480
2016,Perak,Kampar,Male,537
2016,Perak,Kampar,Female,489
2017,Perak,Kampar,Male,499
2017,Perak,Kampar,Female,461
2018,Perak,Kampar,Male,484
2018,Perak,Kampar,Female,441
2019,Perak,Kampar,Male,564
2019,Perak,Kampar,Female,462
2020,Perak,Kampar,Male,530
2020,Perak,Kampar,Female,535
2021,Perak,Kampar,Male,504
2021,Perak,Kampar,Female,472
2016,Perak,Mualim,Male,501
2016,Perak,Mualim,Female,471
2017,Perak,Mualim,Male,374
2017,Perak,Mualim,Female,353
2018,Perak,Mualim,Male,255
2018,Perak,Mualim,Female,241
2019,Perak,Mualim,Male,515
2019,Perak,Mualim,Female,478
2020,Perak,Mualim,Male,500
2020,Perak,Mualim,Female,392
2021,Perak,Mualim,Male,481
2021,Perak,Mualim,Female,459
2017,Perak,Bagan Datuk,Male,307
2017,Perak,Bagan Datuk,Female,303
2018,Perak,Bagan Datuk,Male,111
2018,Perak,Bagan Datuk,Female,106
2019,Perak,Bagan Datuk,Male,234
2019,Perak,Bagan Datuk,Female,216
2020,Perak,Bagan Datuk,Male,387
2020,Perak,Bagan Datuk,Female,361
2021,Perak,Bagan Datuk,Male,404
2021,Perak,Bagan Datuk,Female,382
2021,Perak,Selama,Male,303
2021,Perak,Selama,Female,277
2015,Perlis,,Male,2239
2015,Perlis,,Female,2076
2016,Perlis,,Male,2297
2016,Perlis,,Female,2095
2017,Perlis,,Male,2347
2017,Perlis,,Female,2100
2018,Perlis,,Male,2249
2018,Perlis,,Female,2122
2019,Perlis,,Male,2142
2019,Perlis,,Female,1902
2020,Perlis,,Male,2104
2020,Perlis,,Female,1994
2021,Perlis,,Male,2148
2021,Perlis,,Female,1928
2015,Pulau Pinang,Seberang Perai Tengah,Male,2853
2015,Pulau Pinang,Seberang Perai Tengah,Female,2713
2016,Pulau Pinang,Seberang Perai Tengah,Male,2771
2016,Pulau Pinang,Seberang Perai Tengah,Female,2700
2017,Pulau Pinang,Seberang Perai Tengah,Male,2676
2017,Pulau Pinang,Seberang Perai Tengah,Female,2516
2018,Pulau Pinang,Seberang Perai Tengah,Male,2636
2018,Pulau Pinang,Seberang Perai Tengah,Female,2459
2019,Pulau Pinang,Seberang Perai Tengah,Male,2578
2019,Pulau Pinang,Seberang Perai Tengah,Female,2414
2020,Pulau Pinang,Seberang Perai Tengah,Male,2488
2020,Pulau Pinang,Seberang Perai Tengah,Female,2361
2021,Pulau Pinang,Seberang Perai Tengah,Male,2353
2021,Pulau Pinang,Seberang Perai Tengah,Female,2308
2015,Pulau Pinang,Seberang Perai Utara,Male,2720
2015,Pulau Pinang,Seberang Perai Utara,Female,2517
2016,Pulau Pinang,Seberang Perai Utara,Male,2639
2016,Pulau Pinang,Seberang Perai Utara,Female,2502
2017,Pulau Pinang,Seberang Perai Utara,Male,2655
2017,Pulau Pinang,Seberang Perai Utara,Female,2488
2018,Pulau Pinang,Seberang Perai Utara,Male,2568
2018,Pulau Pinang,Seberang Perai Utara,Female,2484
2019,Pulau Pinang,Seberang Perai Utara,Male,2475
2019,Pulau Pinang,Seberang Perai Utara,Female,2290
2020,Pulau Pinang,Seberang Perai Utara,Male,2430
2020,Pulau Pinang,Seberang Perai Utara,Female,2303
2021,Pulau Pinang,Seberang Perai Utara,Male,2362
2021,Pulau Pinang,Seberang Perai Utara,Female,2218
2015,Pulau Pinang,Seberang Perai Selatan,Male,1483
2015,Pulau Pinang,Seberang Perai Selatan,Female,1426
2016,Pulau Pinang,Seberang Perai Selatan,Male,1445
2016,Pulau Pinang,Seberang Perai Selatan,Female,1338
2017,Pulau Pinang,Seberang Perai Selatan,Male,1490
2017,Pulau Pinang,Seberang Perai Selatan,Female,1436
2018,Pulau Pinang,Seberang Perai Selatan,Male,1427
2018,Pulau Pinang,Seberang Perai Selatan,Female,1368
2019,Pulau Pinang,Seberang Perai Selatan,Male,1477
2019,Pulau Pinang,Seberang Perai Selatan,Female,1311
2020,Pulau Pinang,Seberang Perai Selatan,Male,1431
2020,Pulau Pinang,Seberang Perai Selatan,Female,1288
2021,Pulau Pinang,Seberang Perai Selatan,Male,1341
2021,Pulau Pinang,Seberang Perai Selatan,Female,1271
2015,Pulau Pinang,Timur Laut,Male,2662
2015,Pulau Pinang,Timur Laut,Female,2390
2016,Pulau Pinang,Timur Laut,Male,2568
2016,Pulau Pinang,Timur Laut,Female,2440
2017,Pulau Pinang,Timur Laut,Male,2518
2017,Pulau Pinang,Timur Laut,Female,2291
2018,Pulau Pinang,Timur Laut,Male,2335
2018,Pulau Pinang,Timur Laut,Female,2103
2019,Pulau Pinang,Timur Laut,Male,2203
2019,Pulau Pinang,Timur Laut,Female,2062
2020,Pulau Pinang,Timur Laut,Male,2072
2020,Pulau Pinang,Timur Laut,Female,1864
2021,Pulau Pinang,Timur Laut,Male,1924
2021,Pulau Pinang,Timur Laut,Female,1828
2015,Pulau Pinang,Barat Daya,Male,1811
2015,Pulau Pinang,Barat Daya,Female,1667
2016,Pulau Pinang,Barat Daya,Male,1753
2016,Pulau Pinang,Barat Daya,Female,1625
2017,Pulau Pinang,Barat Daya,Male,1709
2017,Pulau Pinang,Barat Daya,Female,1685
2018,Pulau Pinang,Barat Daya,Male,1695
2018,Pulau Pinang,Barat Daya,Female,1630
2019,Pulau Pinang,Barat Daya,Male,1719
2019,Pulau Pinang,Barat Daya,Female,1617
2020,Pulau Pinang,Barat Daya,Male,1752
2020,Pulau Pinang,Barat Daya,Female,1621
2021,Pulau Pinang,Barat Daya,Male,1530
2021,Pulau Pinang,Barat Daya,Female,1436
2015,Sabah,Tawau,Male,3053
2015,Sabah,Tawau,Female,2854
2016,Sabah,Tawau,Male,2917
2016,Sabah,Tawau,Female,2755
2017,Sabah,Tawau,Male,2912
2017,Sabah,Tawau,Female,2693
2018,Sabah,Tawau,Male,2816
2018,Sabah,Tawau,Female,2593
2019,Sabah,Tawau,Male,2756
2019,Sabah,Tawau,Female,2580
2020,Sabah,Tawau,Male,2603
2020,Sabah,Tawau,Female,2370
2021,Sabah,Tawau,Male,2094
2021,Sabah,Tawau,Female,1922
2015,Sabah,Lahad Datu,Male,2044
2015,Sabah,Lahad Datu,Female,1900
2016,Sabah,Lahad Datu,Male,1851
2016,Sabah,Lahad Datu,Female,1668
2017,Sabah,Lahad Datu,Male,1754
2017,Sabah,Lahad Datu,Female,1791
2018,Sabah,Lahad Datu,Male,1931
2018,Sabah,Lahad Datu,Female,1748
2019,Sabah,Lahad Datu,Male,1853
2019,Sabah,Lahad Datu,Female,1791
2020,Sabah,Lahad Datu,Male,1697
2020,Sabah,Lahad Datu,Female,1606
2021,Sabah,Lahad Datu,Male,1448
2021,Sabah,Lahad Datu,Female,1369
2015,Sabah,Semporna,Male,1692
2015,Sabah,Semporna,Female,1538
2016,Sabah,Semporna,Male,1667
2016,Sabah,Semporna,Female,1471
2017,Sabah,Semporna,Male,1677
2017,Sabah,Semporna,Female,1588
2018,Sabah,Semporna,Male,1779
2018,Sabah,Semporna,Female,1586
2019,Sabah,Semporna,Male,1705
2019,Sabah,Semporna,Female,1665
2020,Sabah,Semporna,Male,1656
2020,Sabah,Semporna,Female,1477
2021,Sabah,Semporna,Male,1437
2021,Sabah,Semporna,Female,1312
2015,Sabah,Sandakan,Male,2932
2015,Sabah,Sandakan,Female,2656
2016,Sabah,Sandakan,Male,2864
2016,Sabah,Sandakan,Female,2567
2017,Sabah,Sandakan,Male,2624
2017,Sabah,Sandakan,Female,2540
2018,Sabah,Sandakan,Male,2806
2018,Sabah,Sandakan,Female,2608
2019,Sabah,Sandakan,Male,2828
2019,Sabah,Sandakan,Female,2598
2020,Sabah,Sandakan,Male,2711
2020,Sabah,Sandakan,Female,2262
2021,Sabah,Sandakan,Male,2147
2021,Sabah,Sandakan,Female,1984
2015,Sabah,Kinabatangan,Male,437
2015,Sabah,Kinabatangan,Female,400
2016,Sabah,Kinabatangan,Male,373
2016,Sabah,Kinabatangan,Female,374
2017,Sabah,Kinabatangan,Male,444
2017,Sabah,Kinabatangan,Female,416
2018,Sabah,Kinabatangan,Male,383
2018,Sabah,Kinabatangan,Female,367
2019,Sabah,Kinabatangan,Male,363
2019,Sabah,Kinabatangan,Female,329
2020,Sabah,Kinabatangan,Male,365
2020,Sabah,Kinabatangan,Female,326
2021,Sabah,Kinabatangan,Male,355
2021,Sabah,Kinabatangan,Female,290
2015,Sabah,Beluran,Male,749
2015,Sabah,Beluran,Female,649
2016,Sabah,Beluran,Male,701
2016,Sabah,Beluran,Female,694
2017,Sabah,Beluran,Male,681
2017,Sabah,Beluran,Female,634
2018,Sabah,Beluran,Male,715
2018,Sabah,Beluran,Female,656
2019,Sabah,Beluran,Male,715
2019,Sabah,Beluran,Female,656
2020,Sabah,Beluran,Male,694
2020,Sabah,Beluran,Female,675
2021,Sabah,Beluran,Male,435
2021,Sabah,Beluran,Female,356
2015,Sabah,Kota Kinabalu,Male,4004
2015,Sabah,Kota Kinabalu,Female,3779
2016,Sabah,Kota Kinabalu,Male,3732
2016,Sabah,Kota Kinabalu,Female,3476
2017,Sabah,Kota Kinabalu,Male,3754
2017,Sabah,Kota Kinabalu,Female,3501
2018,Sabah,Kota Kinabalu,Male,3805
2018,Sabah,Kota Kinabalu,Female,3609
2019,Sabah,Kota Kinabalu,Male,3880
2019,Sabah,Kota Kinabalu,Female,3595
2020,Sabah,Kota Kinabalu,Male,3446
2020,Sabah,Kota Kinabalu,Female,3253
2021,Sabah,Kota Kinabalu,Male,2423
2021,Sabah,Kota Kinabalu,Female,2261
2015,Sabah,Ranau,Male,1010
2015,Sabah,Ranau,Female,982
2016,Sabah,Ranau,Male,999
2016,Sabah,Ranau,Female,942
2017,Sabah,Ranau,Male,1010
2017,Sabah,Ranau,Female,953
2018,Sabah,Ranau,Male,987
2018,Sabah,Ranau,Female,960
2019,Sabah,Ranau,Male,991
2019,Sabah,Ranau,Female,848
2020,Sabah,Ranau,Male,911
2020,Sabah,Ranau,Female,844
2021,Sabah,Ranau,Male,711
2021,Sabah,Ranau,Female,708
2015,Sabah,Kota Belud,Male,1090
2015,Sabah,Kota Belud,Female,1018
2016,Sabah,Kota Belud,Male,1040
2016,Sabah,Kota Belud,Female,1033
2017,Sabah,Kota Belud,Male,1128
2017,Sabah,Kota Belud,Female,1033
2018,Sabah,Kota Belud,Male,1061
2018,Sabah,Kota Belud,Female,967
2019,Sabah,Kota Belud,Male,1008
2019,Sabah,Kota Belud,Female,889
2020,Sabah,Kota Belud,Male,1041
2020,Sabah,Kota Belud,Female,913
2021,Sabah,Kota Belud,Male,829
2021,Sabah,Kota Belud,Female,789
2015,Sabah,Tuaran,Male,1313
2015,Sabah,Tuaran,Female,1208
2016,Sabah,Tuaran,Male,1370
2016,Sabah,Tuaran,Female,1166
2017,Sabah,Tuaran,Male,1399
2017,Sabah,Tuaran,Female,1283
2018,Sabah,Tuaran,Male,1359
2018,Sabah,Tuaran,Female,1251
2019,Sabah,Tuaran,Male,1340
2019,Sabah,Tuaran,Female,1232
2020,Sabah,Tuaran,Male,1266
2020,Sabah,Tuaran,Female,1177
2021,Sabah,Tuaran,Male,980
2021,Sabah,Tuaran,Female,859
2015,Sabah,Penampang,Male,1102
2015,Sabah,Penampang,Female,952
2016,Sabah,Penampang,Male,1012
2016,Sabah,Penampang,Female,898
2017,Sabah,Penampang,Male,1046
2017,Sabah,Penampang,Female,986
2018,Sabah,Penampang,Male,964
2018,Sabah,Penampang,Female,964
2019,Sabah,Penampang,Male,1084
2019,Sabah,Penampang,Female,928
2020,Sabah,Penampang,Male,971
2020,Sabah,Penampang,Female,871
2021,Sabah,Penampang,Male,772
2021,Sabah,Penampang,Female,746
2015,Sabah,Papar,Male,1266
2015,Sabah,Papar,Female,1218
2016,Sabah,Papar,Male,1212
2016,Sabah,Papar,Female,1173
2017,Sabah,Papar,Male,1341
2017,Sabah,Papar,Female,1186
2018,Sabah,Papar,Male,1325
2018,Sabah,Papar,Female,1206
2019,Sabah,Papar,Male,1264
2019,Sabah,Papar,Female,1178
2020,Sabah,Papar,Male,1196
2020,Sabah,Papar,Female,1129
2021,Sabah,Papar,Male,1085
2021,Sabah,Papar,Female,1026
2015,Sabah,Kudat,Male,1169
2015,Sabah,Kudat,Female,1043
2016,Sabah,Kudat,Male,959
2016,Sabah,Kudat,Female,916
2017,Sabah,Kudat,Male,1060
2017,Sabah,Kudat,Female,911
2018,Sabah,Kudat,Male,1052
2018,Sabah,Kudat,Female,938
2019,Sabah,Kudat,Male,963
2019,Sabah,Kudat,Female,911
2020,Sabah,Kudat,Male,925
2020,Sabah,Kudat,Female,838
2021,Sabah,Kudat,Male,727
2021,Sabah,Kudat,Female,704
2015,Sabah,Kota Marudu,Male,805
2015,Sabah,Kota Marudu,Female,822
2016,Sabah,Kota Marudu,Male,793
2016,Sabah,Kota Marudu,Female,744
2017,Sabah,Kota Marudu,Male,836
2017,Sabah,Kota Marudu,Female,775
2018,Sabah,Kota Marudu,Male,899
2018,Sabah,Kota Marudu,Female,795
2019,Sabah,Kota Marudu,Male,860
2019,Sabah,Kota Marudu,Female,814
2020,Sabah,Kota Marudu,Male,891
2020,Sabah,Kota Marudu,Female,804
2021,Sabah,Kota Marudu,Male,795
2021,Sabah,Kota Marudu,Female,770
2015,Sabah,Pitas,Male,516
2015,Sabah,Pitas,Female,477
2016,Sabah,Pitas,Male,477
2016,Sabah,Pitas,Female,429
2017,Sabah,Pitas,Male,473
2017,Sabah,Pitas,Female,448
2018,Sabah,Pitas,Male,569
2018,Sabah,Pitas,Female,502
2019,Sabah,Pitas,Male,531
2019,Sabah,Pitas,Female,516
2020,Sabah,Pitas,Male,491
2020,Sabah,Pitas,Female,432
2021,Sabah,Pitas,Male,410
2021,Sabah,Pitas,Female,392
2015,Sabah,Beaufort,Male,708
2015,Sabah,Beaufort,Female,675
2016,Sabah,Beaufort,Male,724
2016,Sabah,Beaufort,Female,648
2017,Sabah,Beaufort,Male,726
2017,Sabah,Beaufort,Female,666
2018,Sabah,Beaufort,Male,702
2018,Sabah,Beaufort,Female,624
2019,Sabah,Beaufort,Male,702
2019,Sabah,Beaufort,Female,624
2020,Sabah,Beaufort,Male,712
2020,Sabah,Beaufort,Female,607
2021,Sabah,Beaufort,Male,557
2021,Sabah,Beaufort,Female,517
2015,Sabah,Kuala Penyu,Male,195
2015,Sabah,Kuala Penyu,Female,181
2016,Sabah,Kuala Penyu,Male,212
2016,Sabah,Kuala Penyu,Female,189
2017,Sabah,Kuala Penyu,Male,206
2017,Sabah,Kuala Penyu,Female,201
2018,Sabah,Kuala Penyu,Male,191
2018,Sabah,Kuala Penyu,Female,192
2019,Sabah,Kuala Penyu,Male,226
2019,Sabah,Kuala Penyu,Female,196
2020,Sabah,Kuala Penyu,Male,187
2020,Sabah,Kuala Penyu,Female,174
2021,Sabah,Kuala Penyu,Male,151
2021,Sabah,Kuala Penyu,Female,174
2015,Sabah,Sipitang,Male,397
2015,Sabah,Sipitang,Female,378
2016,Sabah,Sipitang,Male,383
2016,Sabah,Sipitang,Female,333
2017,Sabah,Sipitang,Male,373
2017,Sabah,Sipitang,Female,316
2018,Sabah,Sipitang,Male,381
2018,Sabah,Sipitang,Female,308
2019,Sabah,Sipitang,Male,350
2019,Sabah,Sipitang,Female,331
2020,Sabah,Sipitang,Male,342
2020,Sabah,Sipitang,Female,291
2021,Sabah,Sipitang,Male,294
2021,Sabah,Sipitang,Female,278
2015,Sabah,Tenom,Male,543
2015,Sabah,Tenom,Female,501
2016,Sabah,Tenom,Male,533
2016,Sabah,Tenom,Female,480
2017,Sabah,Tenom,Male,555
2017,Sabah,Tenom,Female,526
2018,Sabah,Tenom,Male,576
2018,Sabah,Tenom,Female,480
2019,Sabah,Tenom,Male,554
2019,Sabah,Tenom,Female,439
2020,Sabah,Tenom,Male,522
2020,Sabah,Tenom,Female,468
2021,Sabah,Tenom,Male,458
2021,Sabah,Tenom,Female,421
2015,Sabah,Nabawan,Male,423
2015,Sabah,Nabawan,Female,341
2016,Sabah,Nabawan,Male,374
2016,Sabah,Nabawan,Female,322
2017,Sabah,Nabawan,Male,375
2017,Sabah,Nabawan,Female,351
2018,Sabah,Nabawan,Male,376
2018,Sabah,Nabawan,Female,368
2019,Sabah,Nabawan,Male,394
2019,Sabah,Nabawan,Female,365
2020,Sabah,Nabawan,Male,355
2020,Sabah,Nabawan,Female,301
2021,Sabah,Nabawan,Male,350
2021,Sabah,Nabawan,Female,349
2015,Sabah,Keningau,Male,1671
2015,Sabah,Keningau,Female,1451
2016,Sabah,Keningau,Male,1524
2016,Sabah,Keningau,Female,1474
2017,Sabah,Keningau,Male,1551
2017,Sabah,Keningau,Female,1395
2018,Sabah,Keningau,Male,1591
2018,Sabah,Keningau,Female,1444
2019,Sabah,Keningau,Male,1571
2019,Sabah,Keningau,Female,1424
2020,Sabah,Keningau,Male,1436
2020,Sabah,Keningau,Female,1382
2021,Sabah,Keningau,Male,1457
2021,Sabah,Keningau,Female,1324
2015,Sabah,Tambunan,Male,359
2015,Sabah,Tambunan,Female,346
2016,Sabah,Tambunan,Male,352
2016,Sabah,Tambunan,Female,350
2017,Sabah,Tambunan,Male,367
2017,Sabah,Tambunan,Female,348
2018,Sabah,Tambunan,Male,397
2018,Sabah,Tambunan,Female,389
2019,Sabah,Tambunan,Male,378
2019,Sabah,Tambunan,Female,349
2020,Sabah,Tambunan,Male,372
2020,Sabah,Tambunan,Female,366
2021,Sabah,Tambunan,Male,330
2021,Sabah,Tambunan,Female,299
2015,Sabah,Kunak,Male,584
2015,Sabah,Kunak,Female,491
2016,Sabah,Kunak,Male,509
2016,Sabah,Kunak,Female,457
2017,Sabah,Kunak,Male,454
2017,Sabah,Kunak,Female,464
2018,Sabah,Kunak,Male,468
2018,Sabah,Kunak,Female,456
2019,Sabah,Kunak,Male,628
2019,Sabah,Kunak,Female,556
2020,Sabah,Kunak,Male,507
2020,Sabah,Kunak,Female,468
2021,Sabah,Kunak,Male,477
2021,Sabah,Kunak,Female,437
2015,Sabah,Tongod,Male,189
2015,Sabah,Tongod,Female,199
2016,Sabah,Tongod,Male,220
2016,Sabah,Tongod,Female,198
2017,Sabah,Tongod,Male,186
2017,Sabah,Tongod,Female,208
2018,Sabah,Tongod,Male,214
2018,Sabah,Tongod,Female,200
2019,Sabah,Tongod,Male,226
2019,Sabah,Tongod,Female,190
2020,Sabah,Tongod,Male,183
2020,Sabah,Tongod,Female,181
2021,Sabah,Tongod,Male,172
2021,Sabah,Tongod,Female,181
2015,Sabah,Putatan,Male,200
2015,Sabah,Putatan,Female,189
2016,Sabah,Putatan,Male,269
2016,Sabah,Putatan,Female,247
2017,Sabah,Putatan,Male,188
2017,Sabah,Putatan,Female,195
2018,Sabah,Putatan,Male,254
2018,Sabah,Putatan,Female,213
2019,Sabah,Putatan,Male,254
2019,Sabah,Putatan,Female,230
2020,Sabah,Putatan,Male,266
2020,Sabah,Putatan,Female,249
2021,Sabah,Putatan,Male,417
2021,Sabah,Putatan,Female,395
2021,Sabah,Telupid,Male,177
2021,Sabah,Telupid,Female,158
2021,Sabah,Kalabakan,Male,56
2021,Sabah,Kalabakan,Female,43
2015,Sarawak,Kuching,Male,4703
2015,Sarawak,Kuching,Female,4480
2016,Sarawak,Kuching,Male,4487
2016,Sarawak,Kuching,Female,4222
2017,Sarawak,Kuching,Male,4579
2017,Sarawak,Kuching,Female,4225
2018,Sarawak,Kuching,Male,4297
2018,Sarawak,Kuching,Female,4098
2019,Sarawak,Kuching,Male,4310
2019,Sarawak,Kuching,Female,4121
2020,Sarawak,Kuching,Male,4169
2020,Sarawak,Kuching,Female,3828
2021,Sarawak,Kuching,Male,3662
2021,Sarawak,Kuching,Female,3481
2015,Sarawak,Bau,Male,476
2015,Sarawak,Bau,Female,458
2016,Sarawak,Bau,Male,468
2016,Sarawak,Bau,Female,429
2017,Sarawak,Bau,Male,463
2017,Sarawak,Bau,Female,419
2018,Sarawak,Bau,Male,390
2018,Sarawak,Bau,Female,432
2019,Sarawak,Bau,Male,424
2019,Sarawak,Bau,Female,408
2020,Sarawak,Bau,Male,431
2020,Sarawak,Bau,Female,433
2021,Sarawak,Bau,Male,411
2021,Sarawak,Bau,Female,370
2015,Sarawak,Lundu,Male,328
2015,Sarawak,Lundu,Female,284
2016,Sarawak,Lundu,Male,314
2016,Sarawak,Lundu,Female,277
2017,Sarawak,Lundu,Male,324
2017,Sarawak,Lundu,Female,316
2018,Sarawak,Lundu,Male,317
2018,Sarawak,Lundu,Female,266
2019,Sarawak,Lundu,Male,326
2019,Sarawak,Lundu,Female,276
2020,Sarawak,Lundu,Male,319
2020,Sarawak,Lundu,Female,281
2021,Sarawak,Lundu,Male,279
2021,Sarawak,Lundu,Female,249
2015,Sarawak,Samarahan,Male,743
2015,Sarawak,Samarahan,Female,739
2016,Sarawak,Samarahan,Male,715
2016,Sarawak,Samarahan,Female,675
2017,Sarawak,Samarahan,Male,756
2017,Sarawak,Samarahan,Female,709
2018,Sarawak,Samarahan,Male,767
2018,Sarawak,Samarahan,Female,686
2019,Sarawak,Samarahan,Male,731
2019,Sarawak,Samarahan,Female,685
2020,Sarawak,Samarahan,Male,718
2020,Sarawak,Samarahan,Female,692
2021,Sarawak,Samarahan,Male,735
2021,Sarawak,Samarahan,Female,693
2015,Sarawak,Serian,Male,869
2015,Sarawak,Serian,Female,830
2016,Sarawak,Serian,Male,831
2016,Sarawak,Serian,Female,737
2017,Sarawak,Serian,Male,917
2017,Sarawak,Serian,Female,787
2018,Sarawak,Serian,Male,816
2018,Sarawak,Serian,Female,739
2019,Sarawak,Serian,Male,824
2019,Sarawak,Serian,Female,741
2020,Sarawak,Serian,Male,780
2020,Sarawak,Serian,Female,753
2021,Sarawak,Serian,Male,650
2021,Sarawak,Serian,Female,652
2015,Sarawak,Simunjan,Male,425
2015,Sarawak,Simunjan,Female,370
2016,Sarawak,Simunjan,Male,405
2016,Sarawak,Simunjan,Female,382
2017,Sarawak,Simunjan,Male,364
2017,Sarawak,Simunjan,Female,367
2018,Sarawak,Simunjan,Male,387
2018,Sarawak,Simunjan,Female,352
2019,Sarawak,Simunjan,Male,397
2019,Sarawak,Simunjan,Female,340
2020,Sarawak,Simunjan,Male,381
2020,Sarawak,Simunjan,Female,343
2021,Sarawak,Simunjan,Male,365
2021,Sarawak,Simunjan,Female,374
2015,Sarawak,Sri Aman,Male,423
2015,Sarawak,Sri Aman,Female,346
2016,Sarawak,Sri Aman,Male,401
2016,Sarawak,Sri Aman,Female,354
2017,Sarawak,Sri Aman,Male,407
2017,Sarawak,Sri Aman,Female,398
2018,Sarawak,Sri Aman,Male,430
2018,Sarawak,Sri Aman,Female,360
2019,Sarawak,Sri Aman,Male,430
2019,Sarawak,Sri Aman,Female,412
2020,Sarawak,Sri Aman,Male,415
2020,Sarawak,Sri Aman,Female,351
2021,Sarawak,Sri Aman,Male,414
2021,Sarawak,Sri Aman,Female,373
2015,Sarawak,Lubok Antu,Male,203
2015,Sarawak,Lubok Antu,Female,182
2016,Sarawak,Lubok Antu,Male,194
2016,Sarawak,Lubok Antu,Female,183
2017,Sarawak,Lubok Antu,Male,169
2017,Sarawak,Lubok Antu,Female,178
2018,Sarawak,Lubok Antu,Male,175
2018,Sarawak,Lubok Antu,Female,166
2019,Sarawak,Lubok Antu,Male,190
2019,Sarawak,Lubok Antu,Female,183
2020,Sarawak,Lubok Antu,Male,177
2020,Sarawak,Lubok Antu,Female,161
2021,Sarawak,Lubok Antu,Male,155
2021,Sarawak,Lubok Antu,Female,138
2015,Sarawak,Betong,Male,629
2015,Sarawak,Betong,Female,616
2016,Sarawak,Betong,Male,596
2016,Sarawak,Betong,Female,563
2017,Sarawak,Betong,Male,639
2017,Sarawak,Betong,Female,565
2018,Sarawak,Betong,Male,564
2018,Sarawak,Betong,Female,550
2019,Sarawak,Betong,Male,596
2019,Sarawak,Betong,Female,532
2020,Sarawak,Betong,Male,571
2020,Sarawak,Betong,Female,537
2021,Sarawak,Betong,Male,384
2021,Sarawak,Betong,Female,316
2015,Sarawak,Saratok,Male,446
2015,Sarawak,Saratok,Female,440
2016,Sarawak,Saratok,Male,439
2016,Sarawak,Saratok,Female,423
2017,Sarawak,Saratok,Male,429
2017,Sarawak,Saratok,Female,435
2018,Sarawak,Saratok,Male,441
2018,Sarawak,Saratok,Female,441
2019,Sarawak,Saratok,Male,413
2019,Sarawak,Saratok,Female,407
2020,Sarawak,Saratok,Male,453
2020,Sarawak,Saratok,Female,387
2021,Sarawak,Saratok,Male,171
2021,Sarawak,Saratok,Female,188
2015,Sarawak,Sarikei,Male,475
2015,Sarawak,Sarikei,Female,441
2016,Sarawak,Sarikei,Male,427
2016,Sarawak,Sarikei,Female,435
2017,Sarawak,Sarikei,Male,463
2017,Sarawak,Sarikei,Female,414
2018,Sarawak,Sarikei,Male,463
2018,Sarawak,Sarikei,Female,420
2019,Sarawak,Sarikei,Male,462
2019,Sarawak,Sarikei,Female,420
2020,Sarawak,Sarikei,Male,404
2020,Sarawak,Sarikei,Female,412
2021,Sarawak,Sarikei,Male,370
2021,Sarawak,Sarikei,Female,316
2015,Sarawak,Meradong,Male,225
2015,Sarawak,Meradong,Female,199
2016,Sarawak,Meradong,Male,230
2016,Sarawak,Meradong,Female,211
2017,Sarawak,Meradong,Male,211
2017,Sarawak,Meradong,Female,194
2018,Sarawak,Meradong,Male,230
2018,Sarawak,Meradong,Female,202
2019,Sarawak,Meradong,Male,183
2019,Sarawak,Meradong,Female,193
2020,Sarawak,Meradong,Male,198
2020,Sarawak,Meradong,Female,169
2021,Sarawak,Meradong,Male,192
2021,Sarawak,Meradong,Female,161
2015,Sarawak,Daro,Male,248
2015,Sarawak,Daro,Female,227
2016,Sarawak,Daro,Male,238
2016,Sarawak,Daro,Female,237
2017,Sarawak,Daro,Male,257
2017,Sarawak,Daro,Female,247
2018,Sarawak,Daro,Male,257
2018,Sarawak,Daro,Female,255
2019,Sarawak,Daro,Male,257
2019,Sarawak,Daro,Female,246
2020,Sarawak,Daro,Male,243
2020,Sarawak,Daro,Female,242
2021,Sarawak,Daro,Male,200
2021,Sarawak,Daro,Female,197
2015,Sarawak,Julau,Male,287
2015,Sarawak,Julau,Female,235
2016,Sarawak,Julau,Male,259
2016,Sarawak,Julau,Female,214
2017,Sarawak,Julau,Male,233
2017,Sarawak,Julau,Female,208
2018,Sarawak,Julau,Male,150
2018,Sarawak,Julau,Female,169
2019,Sarawak,Julau,Male,136
2019,Sarawak,Julau,Female,141
2020,Sarawak,Julau,Male,126
2020,Sarawak,Julau,Female,125
2021,Sarawak,Julau,Male,124
2021,Sarawak,Julau,Female,120
2015,Sarawak,Sibu,Male,2127
2015,Sarawak,Sibu,Female,1931
2016,Sarawak,Sibu,Male,2089
2016,Sarawak,Sibu,Female,1945
2017,Sarawak,Sibu,Male,1820
2017,Sarawak,Sibu,Female,1615
2018,Sarawak,Sibu,Male,1777
2018,Sarawak,Sibu,Female,1687
2019,Sarawak,Sibu,Male,1821
2019,Sarawak,Sibu,Female,1638
2020,Sarawak,Sibu,Male,1720
2020,Sarawak,Sibu,Female,1516
2021,Sarawak,Sibu,Male,1301
2021,Sarawak,Sibu,Female,1304
2015,Sarawak,Dalat,Male,206
2015,Sarawak,Dalat,Female,171
2016,Sarawak,Dalat,Male,199
2016,Sarawak,Dalat,Female,184
2017,Sarawak,Dalat,Male,184
2017,Sarawak,Dalat,Female,185
2018,Sarawak,Dalat,Male,188
2018,Sarawak,Dalat,Female,179
2019,Sarawak,Dalat,Male,168
2019,Sarawak,Dalat,Female,156
2020,Sarawak,Dalat,Male,182
2020,Sarawak,Dalat,Female,149
2021,Sarawak,Dalat,Male,179
2021,Sarawak,Dalat,Female,138
2015,Sarawak,Mukah,Male,452
2015,Sarawak,Mukah,Female,439
2016,Sarawak,Mukah,Male,413
2016,Sarawak,Mukah,Female,428
2017,Sarawak,Mukah,Male,354
2017,Sarawak,Mukah,Female,316
2018,Sarawak,Mukah,Male,376
2018,Sarawak,Mukah,Female,367
2019,Sarawak,Mukah,Male,345
2019,Sarawak,Mukah,Female,320
2020,Sarawak,Mukah,Male,329
2020,Sarawak,Mukah,Female,329
2021,Sarawak,Mukah,Male,333
2021,Sarawak,Mukah,Female,324
2015,Sarawak,Kanowit,Male,288
2015,Sarawak,Kanowit,Female,282
2016,Sarawak,Kanowit,Male,283
2016,Sarawak,Kanowit,Female,267
2017,Sarawak,Kanowit,Male,307
2017,Sarawak,Kanowit,Female,275
2018,Sarawak,Kanowit,Male,289
2018,Sarawak,Kanowit,Female,232
2019,Sarawak,Kanowit,Male,266
2019,Sarawak,Kanowit,Female,227
2020,Sarawak,Kanowit,Male,275
2020,Sarawak,Kanowit,Female,216
2021,Sarawak,Kanowit,Male,208
2021,Sarawak,Kanowit,Female,187
2015,Sarawak,Bintulu,Male,1436
2015,Sarawak,Bintulu,Female,1349
2016,Sarawak,Bintulu,Male,1336
2016,Sarawak,Bintulu,Female,1281
2017,Sarawak,Bintulu,Male,1328
2017,Sarawak,Bintulu,Female,1229
2018,Sarawak,Bintulu,Male,1307
2018,Sarawak,Bintulu,Female,1172
2019,Sarawak,Bintulu,Male,1329
2019,Sarawak,Bintulu,Female,1155
2020,Sarawak,Bintulu,Male,1301
2020,Sarawak,Bintulu,Female,1186
2021,Sarawak,Bintulu,Male,874
2021,Sarawak,Bintulu,Female,806
2015,Sarawak,Tatau,Male,255
2015,Sarawak,Tatau,Female,174
2016,Sarawak,Tatau,Male,263
2016,Sarawak,Tatau,Female,202
2017,Sarawak,Tatau,Male,232
2017,Sarawak,Tatau,Female,206
2018,Sarawak,Tatau,Male,234
2018,Sarawak,Tatau,Female,207
2019,Sarawak,Tatau,Male,213
2019,Sarawak,Tatau,Female,224
2020,Sarawak,Tatau,Male,221
2020,Sarawak,Tatau,Female,234
2021,Sarawak,Tatau,Male,165
2021,Sarawak,Tatau,Female,172
2015,Sarawak,Kapit,Male,549
2015,Sarawak,Kapit,Female,540
2016,Sarawak,Kapit,Male,556
2016,Sarawak,Kapit,Female,516
2017,Sarawak,Kapit,Male,535
2017,Sarawak,Kapit,Female,472
2018,Sarawak,Kapit,Male,466
2018,Sarawak,Kapit,Female,469
2019,Sarawak,Kapit,Male,472
2019,Sarawak,Kapit,Female,487
2020,Sarawak,Kapit,Male,506
2020,Sarawak,Kapit,Female,439
2021,Sarawak,Kapit,Male,252
2021,Sarawak,Kapit,Female,222
2015,Sarawak,Song,Male,177
2015,Sarawak,Song,Female,148
2016,Sarawak,Song,Male,155
2016,Sarawak,Song,Female,154
2017,Sarawak,Song,Male,167
2017,Sarawak,Song,Female,137
2018,Sarawak,Song,Male,125
2018,Sarawak,Song,Female,145
2019,Sarawak,Song,Male,152
2019,Sarawak,Song,Female,125
2020,Sarawak,Song,Male,142
2020,Sarawak,Song,Female,136
2021,Sarawak,Song,Male,119
2021,Sarawak,Song,Female,113
2015,Sarawak,Belaga,Male,183
2015,Sarawak,Belaga,Female,168
2016,Sarawak,Belaga,Male,164
2016,Sarawak,Belaga,Female,181
2017,Sarawak,Belaga,Male,174
2017,Sarawak,Belaga,Female,192
2018,Sarawak,Belaga,Male,203
2018,Sarawak,Belaga,Female,195
2019,Sarawak,Belaga,Male,164
2019,Sarawak,Belaga,Female,148
2020,Sarawak,Belaga,Male,176
2020,Sarawak,Belaga,Female,175
2021,Sarawak,Belaga,Male,147
2021,Sarawak,Belaga,Female,140
2015,Sarawak,Miri,Male,2569
2015,Sarawak,Miri,Female,2516
2016,Sarawak,Miri,Male,2441
2016,Sarawak,Miri,Female,2282
2017,Sarawak,Miri,Male,2302
2017,Sarawak,Miri,Female,2274
2018,Sarawak,Miri,Male,2282
2018,Sarawak,Miri,Female,2171
2019,Sarawak,Miri,Male,2370
2019,Sarawak,Miri,Female,2230
2020,Sarawak,Miri,Male,2270
2020,Sarawak,Miri,Female,2097
2021,Sarawak,Miri,Male,1447
2021,Sarawak,Miri,Female,1376
2015,Sarawak,Marudi,Male,471
2015,Sarawak,Marudi,Female,415
2016,Sarawak,Marudi,Male,442
2016,Sarawak,Marudi,Female,396
2017,Sarawak,Marudi,Male,432
2017,Sarawak,Marudi,Female,395
2018,Sarawak,Marudi,Male,426
2018,Sarawak,Marudi,Female,391
2019,Sarawak,Marudi,Male,449
2019,Sarawak,Marudi,Female,341
2020,Sarawak,Marudi,Male,435
2020,Sarawak,Marudi,Female,386
2021,Sarawak,Marudi,Male,184
2021,Sarawak,Marudi,Female,197
2015,Sarawak,Limbang,Male,438
2015,Sarawak,Limbang,Female,407
2016,Sarawak,Limbang,Male,407
2016,Sarawak,Limbang,Female,359
2017,Sarawak,Limbang,Male,386
2017,Sarawak,Limbang,Female,357
2018,Sarawak,Limbang,Male,406
2018,Sarawak,Limbang,Female,409
2019,Sarawak,Limbang,Male,405
2019,Sarawak,Limbang,Female,356
2020,Sarawak,Limbang,Male,356
2020,Sarawak,Limbang,Female,358
2021,Sarawak,Limbang,Male,317
2021,Sarawak,Limbang,Female,309
2015,Sarawak,Lawas,Male,364
2015,Sarawak,Lawas,Female,330
2016,Sarawak,Lawas,Male,336
2016,Sarawak,Lawas,Female,321
2017,Sarawak,Lawas,Male,341
2017,Sarawak,Lawas,Female,325
2018,Sarawak,Lawas,Male,324
2018,Sarawak,Lawas,Female,324
2019,Sarawak,Lawas,Male,356
2019,Sarawak,Lawas,Female,291
2020,Sarawak,Lawas,Male,318
2020,Sarawak,Lawas,Female,317
2021,Sarawak,Lawas,Male,327
2021,Sarawak,Lawas,Female,300
2015,Sarawak,Matu,Male,119
2015,Sarawak,Matu,Female,110
2016,Sarawak,Matu,Male,121
2016,Sarawak,Matu,Female,92
2017,Sarawak,Matu,Male,151
2017,Sarawak,Matu,Female,126
2018,Sarawak,Matu,Male,159
2018,Sarawak,Matu,Female,121
2019,Sarawak,Matu,Male,134
2019,Sarawak,Matu,Female,127
2020,Sarawak,Matu,Male,143
2020,Sarawak,Matu,Female,117
2021,Sarawak,Matu,Male,153
2021,Sarawak,Matu,Female,113
2015,Sarawak,Asajaya,Male,363
2015,Sarawak,Asajaya,Female,306
2016,Sarawak,Asajaya,Male,357
2016,Sarawak,Asajaya,Female,312
2017,Sarawak,Asajaya,Male,350
2017,Sarawak,Asajaya,Female,315
2018,Sarawak,Asajaya,Male,346
2018,Sarawak,Asajaya,Female,288
2019,Sarawak,Asajaya,Male,309
2019,Sarawak,Asajaya,Female,311
2020,Sarawak,Asajaya,Male,324
2020,Sarawak,Asajaya,Female,310
2021,Sarawak,Asajaya,Male,314
2021,Sarawak,Asajaya,Female,302
2015,Sarawak,Pakan,Male,22
2015,Sarawak,Pakan,Female,17
2016,Sarawak,Pakan,Male,62
2016,Sarawak,Pakan,Female,46
2017,Sarawak,Pakan,Male,58
2017,Sarawak,Pakan,Female,55
2018,Sarawak,Pakan,Male,118
2018,Sarawak,Pakan,Female,98
2019,Sarawak,Pakan,Male,128
2019,Sarawak,Pakan,Female,119
2020,Sarawak,Pakan,Male,124
2020,Sarawak,Pakan,Female,134
2021,Sarawak,Pakan,Male,121
2021,Sarawak,Pakan,Female,110
2015,Sarawak,Selangau,Male,52
2015,Sarawak,Selangau,Female,53
2016,Sarawak,Selangau,Male,24
2016,Sarawak,Selangau,Female,25
2017,Sarawak,Selangau,Male,211
2017,Sarawak,Selangau,Female,175
2018,Sarawak,Selangau,Male,166
2018,Sarawak,Selangau,Female,157
2019,Sarawak,Selangau,Male,154
2019,Sarawak,Selangau,Female,164
2020,Sarawak,Selangau,Male,171
2020,Sarawak,Selangau,Female,159
2021,Sarawak,Selangau,Male,113
2021,Sarawak,Selangau,Female,95
2021,Sarawak,Tebedu,Male,182
2021,Sarawak,Tebedu,Female,140
2021,Sarawak,Pusa,Male,171
2021,Sarawak,Pusa,Female,168
2021,Sarawak,Kabong,Male,191
2021,Sarawak,Kabong,Female,206
2021,Sarawak,Tanjung Manis,Male,64
2021,Sarawak,Tanjung Manis,Female,72
2021,Sarawak,Sebauh,Male,119
2021,Sarawak,Sebauh,Female,117
2021,Sarawak,Bukit Mabong,Male,177
2021,Sarawak,Bukit Mabong,Female,149
2021,Sarawak,Subis,Male,351
2021,Sarawak,Subis,Female,379
2021,Sarawak,Beluru,Male,92
2021,Sarawak,Beluru,Female,94
2021,Sarawak,Telang Usan,Male,49
2021,Sarawak,Telang Usan,Female,51
2015,Selangor,Gombak,Male,7725
2015,Selangor,Gombak,Female,7291
2016,Selangor,Gombak,Male,7198
2016,Selangor,Gombak,Female,6887
2017,Selangor,Gombak,Male,7284
2017,Selangor,Gombak,Female,6751
2018,Selangor,Gombak,Male,6769
2018,Selangor,Gombak,Female,6547
2019,Selangor,Gombak,Male,5777
2019,Selangor,Gombak,Female,5413
2020,Selangor,Gombak,Male,5949
2020,Selangor,Gombak,Female,5669
2021,Selangor,Gombak,Male,6256
2021,Selangor,Gombak,Female,5847
2015,Selangor,Klang,Male,8943
2015,Selangor,Klang,Female,8394
2016,Selangor,Klang,Male,8332
2016,Selangor,Klang,Female,7888
2017,Selangor,Klang,Male,8513
2017,Selangor,Klang,Female,8061
2018,Selangor,Klang,Male,7785
2018,Selangor,Klang,Female,7319
2019,Selangor,Klang,Male,7705
2019,Selangor,Klang,Female,7121
2020,Selangor,Klang,Male,7442
2020,Selangor,Klang,Female,6975
2021,Selangor,Klang,Male,7683
2021,Selangor,Klang,Female,7160
2015,Selangor,Kuala Langat,Male,2954
2015,Selangor,Kuala Langat,Female,2713
2016,Selangor,Kuala Langat,Male,2944
2016,Selangor,Kuala Langat,Female,2677
2017,Selangor,Kuala Langat,Male,3050
2017,Selangor,Kuala Langat,Female,2804
2018,Selangor,Kuala Langat,Male,3084
2018,Selangor,Kuala Langat,Female,2854
2019,Selangor,Kuala Langat,Male,2975
2019,Selangor,Kuala Langat,Female,2758
2020,Selangor,Kuala Langat,Male,2947
2020,Selangor,Kuala Langat,Female,2854
2021,Selangor,Kuala Langat,Male,2937
2021,Selangor,Kuala Langat,Female,2726
2015,Selangor,Kuala Selangor,Male,2388
2015,Selangor,Kuala Selangor,Female,2263
2016,Selangor,Kuala Selangor,Male,2377
2016,Selangor,Kuala Selangor,Female,2115
2017,Selangor,Kuala Selangor,Male,2456
2017,Selangor,Kuala Selangor,Female,2254
2018,Selangor,Kuala Selangor,Male,2242
2018,Selangor,Kuala Selangor,Female,2154
2019,Selangor,Kuala Selangor,Male,2119
2019,Selangor,Kuala Selangor,Female,2093
2020,Selangor,Kuala Selangor,Male,2222
2020,Selangor,Kuala Selangor,Female,2039
2021,Selangor,Kuala Selangor,Male,2427
2021,Selangor,Kuala Selangor,Female,2276
2015,Selangor,Petaling,Male,16230
2015,Selangor,Petaling,Female,15320
2016,Selangor,Petaling,Male,16636
2016,Selangor,Petaling,Female,15449
2017,Selangor,Petaling,Male,15608
2017,Selangor,Petaling,Female,14436
2018,Selangor,Petaling,Male,16705
2018,Selangor,Petaling,Female,15530
2019,Selangor,Petaling,Male,15496
2019,Selangor,Petaling,Female,14786
2020,Selangor,Petaling,Male,14552
2020,Selangor,Petaling,Female,13496
2021,Selangor,Petaling,Male,12128
2021,Selangor,Petaling,Female,11271
2015,Selangor,Sabak bernam,Male,1198
2015,Selangor,Sabak bernam,Female,1090
2016,Selangor,Sabak bernam,Male,1165
2016,Selangor,Sabak bernam,Female,1101
2017,Selangor,Sabak bernam,Male,1210
2017,Selangor,Sabak bernam,Female,1164
2018,Selangor,Sabak bernam,Male,1158
2018,Selangor,Sabak bernam,Female,1041
2019,Selangor,Sabak bernam,Male,1143
2019,Selangor,Sabak bernam,Female,1044
2020,Selangor,Sabak bernam,Male,1066
2020,Selangor,Sabak bernam,Female,976
2021,Selangor,Sabak bernam,Male,1035
2021,Selangor,Sabak bernam,Female,936
2015,Selangor,Sepang,Male,2542
2015,Selangor,Sepang,Female,2328
2016,Selangor,Sepang,Male,2074
2016,Selangor,Sepang,Female,1946
2017,Selangor,Sepang,Male,2508
2017,Selangor,Sepang,Female,2175
2018,Selangor,Sepang,Male,1938
2018,Selangor,Sepang,Female,1849
2019,Selangor,Sepang,Male,2025
2019,Selangor,Sepang,Female,1871
2020,Selangor,Sepang,Male,2045
2020,Selangor,Sepang,Female,1987
2021,Selangor,Sepang,Male,2771
2021,Selangor,Sepang,Female,2626
2015,Selangor,Hulu Langat,Male,11773
2015,Selangor,Hulu Langat,Female,11061
2016,Selangor,Hulu Langat,Male,11303
2016,Selangor,Hulu Langat,Female,10650
2017,Selangor,Hulu Langat,Male,11099
2017,Selangor,Hulu Langat,Female,10585
2018,Selangor,Hulu Langat,Male,11089
2018,Selangor,Hulu Langat,Female,10221
2019,Selangor,Hulu Langat,Male,9865
2019,Selangor,Hulu Langat,Female,9265
2020,Selangor,Hulu Langat,Male,10114
2020,Selangor,Hulu Langat,Female,9435
2021,Selangor,Hulu Langat,Male,9625
2021,Selangor,Hulu Langat,Female,8936
2015,Selangor,Hulu Selangor,Male,1967
2015,Selangor,Hulu Selangor,Female,1951
2016,Selangor,Hulu Selangor,Male,1998
2016,Selangor,Hulu Selangor,Female,1921
2017,Selangor,Hulu Selangor,Male,2095
2017,Selangor,Hulu Selangor,Female,1934
2018,Selangor,Hulu Selangor,Male,2014
2018,Selangor,Hulu Selangor,Female,1826
2019,Selangor,Hulu Selangor,Male,1859
2019,Selangor,Hulu Selangor,Female,1896
2020,Selangor,Hulu Selangor,Male,1822
2020,Selangor,Hulu Selangor,Female,1667
2021,Selangor,Hulu Selangor,Male,1776
2021,Selangor,Hulu Selangor,Female,1702
2015,Terengganu,Besut,Male,2140
2015,Terengganu,Besut,Female,1864
2016,Terengganu,Besut,Male,1978
2016,Terengganu,Besut,Female,1898
2017,Terengganu,Besut,Male,2056
2017,Terengganu,Besut,Female,2012
2018,Terengganu,Besut,Male,2176
2018,Terengganu,Besut,Female,2005
2019,Terengganu,Besut,Male,2054
2019,Terengganu,Besut,Female,1906
2020,Terengganu,Besut,Male,1979
2020,Terengganu,Besut,Female,1903
2021,Terengganu,Besut,Male,1962
2021,Terengganu,Besut,Female,1772
2015,Terengganu,Dungun,Male,1892
2015,Terengganu,Dungun,Female,1757
2016,Terengganu,Dungun,Male,1876
2016,Terengganu,Dungun,Female,1820
2017,Terengganu,Dungun,Male,1920
2017,Terengganu,Dungun,Female,1882
2018,Terengganu,Dungun,Male,1934
2018,Terengganu,Dungun,Female,1817
2019,Terengganu,Dungun,Male,1856
2019,Terengganu,Dungun,Female,1766
2020,Terengganu,Dungun,Male,1814
2020,Terengganu,Dungun,Female,1732
2021,Terengganu,Dungun,Male,1756
2021,Terengganu,Dungun,Female,1669
2015,Terengganu,Kemaman,Male,2239
2015,Terengganu,Kemaman,Female,2089
2016,Terengganu,Kemaman,Male,2268
2016,Terengganu,Kemaman,Female,2116
2017,Terengganu,Kemaman,Male,2196
2017,Terengganu,Kemaman,Female,2143
2018,Terengganu,Kemaman,Male,2254
2018,Terengganu,Kemaman,Female,2121
2019,Terengganu,Kemaman,Male,2132
2019,Terengganu,Kemaman,Female,1853
2020,Terengganu,Kemaman,Male,2163
2020,Terengganu,Kemaman,Female,1967
2021,Terengganu,Kemaman,Male,2148
2021,Terengganu,Kemaman,Female,2026
2015,Terengganu,Kuala Terengganu,Male,4849
2015,Terengganu,Kuala Terengganu,Female,4483
2016,Terengganu,Kuala Terengganu,Male,3164
2016,Terengganu,Kuala Terengganu,Female,2914
2017,Terengganu,Kuala Terengganu,Male,3439
2017,Terengganu,Kuala Terengganu,Female,3251
2018,Terengganu,Kuala Terengganu,Male,4093
2018,Terengganu,Kuala Terengganu,Female,3803
2019,Terengganu,Kuala Terengganu,Male,3676
2019,Terengganu,Kuala Terengganu,Female,3324
2020,Terengganu,Kuala Terengganu,Male,3690
2020,Terengganu,Kuala Terengganu,Female,3344
2021,Terengganu,Kuala Terengganu,Male,3072
2021,Terengganu,Kuala Terengganu,Female,2906
2015,Terengganu,Marang,Male,1470
2015,Terengganu,Marang,Female,1388
2016,Terengganu,Marang,Male,1459
2016,Terengganu,Marang,Female,1338
2017,Terengganu,Marang,Male,1492
2017,Terengganu,Marang,Female,1495
2018,Terengganu,Marang,Male,1540
2018,Terengganu,Marang,Female,1480
2019,Terengganu,Marang,Male,1523
2019,Terengganu,Marang,Female,1422
2020,Terengganu,Marang,Male,1540
2020,Terengganu,Marang,Female,1426
2021,Terengganu,Marang,Male,1487
2021,Terengganu,Marang,Female,1354
2015,Terengganu,Hulu Terengganu,Male,1011
2015,Terengganu,Hulu Terengganu,Female,904
2016,Terengganu,Hulu Terengganu,Male,1009
2016,Terengganu,Hulu Terengganu,Female,954
2017,Terengganu,Hulu Terengganu,Male,914
2017,Terengganu,Hulu Terengganu,Female,880
2018,Terengganu,Hulu Terengganu,Male,978
2018,Terengganu,Hulu Terengganu,Female,899
2019,Terengganu,Hulu Terengganu,Male,934
2019,Terengganu,Hulu Terengganu,Female,882
2020,Terengganu,Hulu Terengganu,Male,917
2020,Terengganu,Hulu Terengganu,Female,848
2021,Terengganu,Hulu Terengganu,Male,862
2021,Terengganu,Hulu Terengganu,Female,809
2015,Terengganu,Setiu,Male,802
2015,Terengganu,Setiu,Female,741
2016,Terengganu,Setiu,Male,809
2016,Terengganu,Setiu,Female,724
2017,Terengganu,Setiu,Male,818
2017,Terengganu,Setiu,Female,768
2018,Terengganu,Setiu,Male,792
2018,Terengganu,Setiu,Female,777
2019,Terengganu,Setiu,Male,791
2019,Terengganu,Setiu,Female,698
2020,Terengganu,Setiu,Male,799
2020,Terengganu,Setiu,Female,747
2021,Terengganu,Setiu,Male,757
2021,Terengganu,Setiu,Female,711
2016,Terengganu,Kuala Nerus,Male,1648
2016,Terengganu,Kuala Nerus,Female,1546
2017,Terengganu,Kuala Nerus,Male,1342
2017,Terengganu,Kuala Nerus,Female,1303
2018,Terengganu,Kuala Nerus,Male,811
2018,Terengganu,Kuala Nerus,Female,762
2019,Terengganu,Kuala Nerus,Male,1085
2019,Terengganu,Kuala Nerus,Female,1108
2020,Terengganu,Kuala Nerus,Male,1206
2020,Terengganu,Kuala Nerus,Female,1079
2021,Terengganu,Kuala Nerus,Male,1588
2021,Terengganu,Kuala Nerus,Female,1458
2015,W.P. Kuala Lumpur,,Male,13411
2015,W.P. Kuala Lumpur,,Female,12378
2016,W.P. Kuala Lumpur,,Male,13276
2016,W.P. Kuala Lumpur,,Female,12463
2017,W.P. Kuala Lumpur,,Male,12722
2017,W.P. Kuala Lumpur,,Female,12010
2018,W.P. Kuala Lumpur,,Male,12475
2018,W.P. Kuala Lumpur,,Female,11760
2019,W.P. Kuala Lumpur,,Male,14024
2019,W.P. Kuala Lumpur,,Female,13012
2020,W.P. Kuala Lumpur,,Male,12053
2020,W.P. Kuala Lumpur,,Female,11034
2021,W.P. Kuala Lumpur,,Male,10992
2021,W.P. Kuala Lumpur,,Female,10054
2015,W.P. Labuan,,Male,1023
2015,W.P. Labuan,,Female,930
2016,W.P. Labuan,,Male,881
2016,W.P. Labuan,,Female,871
2017,W.P. Labuan,,Male,866
2017,W.P. Labuan,,Female,819
2018,W.P. Labuan,,Male,913
2018,W.P. Labuan,,Female,778
2019,W.P. Labuan,,Male,865
2019,W.P. Labuan,,Female,800
2020,W.P. Labuan,,Male,847
2020,W.P. Labuan,,Female,863
2021,W.P. Labuan,,Male,755
2021,W.P. Labuan,,Female,767
2015,W.P. Putrajaya,,Male,1515
2015,W.P. Putrajaya,,Female,1354
2016,W.P. Putrajaya,,Male,1342
2016,W.P. Putrajaya,,Female,1227
2017,W.P. Putrajaya,,Male,1298
2017,W.P. Putrajaya,,Female,1219
2018,W.P. Putrajaya,,Male,1251
2018,W.P. Putrajaya,,Female,1149
2019,W.P. Putrajaya,,Male,1211
2019,W.P. Putrajaya,,Female,1103
2020,W.P. Putrajaya,,Male,1073
2020,W.P. Putrajaya,,Female,1069
2021,W.P. Putrajaya,,Male,1090
2021,W.P. Putrajaya,,Female,1016
